,Season,Id,Rank,Klub,Poin,GoalScored,GoalConceeded,Win,Loss,Draw,GoalDegrees,WinPercentage,Keterangan
0,2000/2001,20200101.0,1.0,Man United,80.0,79.0,31.0,24.0,6.0,8.0,48.0,63.1578947368421,Juara+UCL
1,2000/2001,20200102.0,2.0,Arsenal,70.0,63.0,38.0,20.0,8.0,10.0,25.0,52.63157894736842,UCL
2,2000/2001,20200103.0,3.0,Liverpool,69.0,71.0,39.0,20.0,9.0,9.0,32.0,52.63157894736842,UCL
3,2000/2001,20200104.0,4.0,Leeds,68.0,64.0,43.0,20.0,10.0,8.0,21.0,52.63157894736842,UCL
4,2000/2001,20200105.0,5.0,Ipswich,66.0,57.0,42.0,20.0,12.0,6.0,15.0,52.63157894736842,UEL
5,2000/2001,20200106.0,6.0,Chelsea,61.0,68.0,45.0,17.0,11.0,10.0,23.0,44.73684210526316,UEL
6,2000/2001,20200107.0,7.0,Sunderland,57.0,46.0,41.0,15.0,11.0,12.0,5.0,39.473684210526315,Bertahan di EPL
7,2000/2001,20200108.0,8.0,Aston Villa,54.0,46.0,43.0,13.0,10.0,15.0,3.0,34.21052631578947,Bertahan di EPL
8,2000/2001,20200109.0,9.0,Charlton,52.0,50.0,57.0,14.0,14.0,10.0,-7.0,36.84210526315789,Bertahan di EPL
9,2000/2001,20200110.0,10.0,Southampton,52.0,40.0,48.0,14.0,14.0,10.0,-8.0,36.84210526315789,Bertahan di EPL
10,2000/2001,20200111.0,11.0,Newcastle,51.0,44.0,50.0,14.0,15.0,9.0,-6.0,36.84210526315789,Bertahan di EPL
11,2000/2001,20200112.0,12.0,Tottenham,49.0,47.0,54.0,13.0,15.0,10.0,-7.0,34.21052631578947,Bertahan di EPL
12,2000/2001,20200113.0,13.0,Leicester,48.0,39.0,51.0,14.0,18.0,6.0,-12.0,36.84210526315789,Bertahan di EPL
13,2000/2001,20200114.0,14.0,Middlesbrough,42.0,44.0,44.0,9.0,14.0,15.0,0.0,23.684210526315788,Bertahan di EPL
14,2000/2001,20200115.0,15.0,West Ham,42.0,45.0,50.0,10.0,16.0,12.0,-5.0,26.31578947368421,Bertahan di EPL
15,2000/2001,20200116.0,16.0,Everton,42.0,45.0,59.0,11.0,18.0,9.0,-14.0,28.947368421052634,Bertahan di EPL
16,2000/2001,20200117.0,17.0,Derby,42.0,37.0,59.0,10.0,16.0,12.0,-22.0,26.31578947368421,Bertahan di EPL
17,2000/2001,20200118.0,18.0,Man City,34.0,41.0,65.0,8.0,20.0,10.0,-24.0,21.052631578947366,Degradasi
18,2000/2001,20200119.0,19.0,Coventry,34.0,36.0,63.0,8.0,20.0,10.0,-27.0,21.052631578947366,Degradasi
19,2000/2001,20200120.0,20.0,Bradford,26.0,30.0,70.0,5.0,22.0,11.0,-40.0,13.157894736842104,Degradasi
20,2001/2002,20210201.0,1.0,Arsenal,87.0,79.0,36.0,26.0,3.0,9.0,43.0,68.42105263157895,Juara+UCL
21,2001/2002,20210202.0,2.0,Liverpool,80.0,67.0,30.0,24.0,6.0,8.0,37.0,63.1578947368421,UCL
22,2001/2002,20210203.0,3.0,Man United,77.0,87.0,45.0,24.0,9.0,5.0,42.0,63.1578947368421,UCL
23,2001/2002,20210204.0,4.0,Newcastle,71.0,74.0,52.0,21.0,9.0,8.0,22.0,55.26315789473685,UCL
24,2001/2002,20210205.0,5.0,Leeds,66.0,53.0,37.0,18.0,8.0,12.0,16.0,47.368421052631575,UEL
25,2001/2002,20210206.0,6.0,Chelsea,64.0,66.0,38.0,17.0,8.0,13.0,28.0,44.73684210526316,UEL
26,2001/2002,20210207.0,7.0,West Ham,53.0,48.0,57.0,15.0,15.0,8.0,-9.0,39.473684210526315,Bertahan di EPL
27,2001/2002,20210208.0,8.0,Aston Villa,50.0,46.0,47.0,12.0,12.0,14.0,-1.0,31.57894736842105,Bertahan di EPL
28,2001/2002,20210209.0,9.0,Tottenham,50.0,49.0,53.0,14.0,16.0,8.0,-4.0,36.84210526315789,Bertahan di EPL
29,2001/2002,20210210.0,10.0,Blackburn,46.0,55.0,51.0,12.0,16.0,10.0,4.0,31.57894736842105,Bertahan di EPL
30,2001/2002,20210211.0,11.0,Southampton,45.0,46.0,54.0,12.0,17.0,9.0,-8.0,31.57894736842105,Bertahan di EPL
31,2001/2002,20210212.0,12.0,Middlesbrough,45.0,35.0,47.0,12.0,17.0,9.0,-12.0,31.57894736842105,Bertahan di EPL
32,2001/2002,20210213.0,13.0,Fulham,44.0,36.0,44.0,10.0,14.0,14.0,-8.0,26.31578947368421,Bertahan di EPL
33,2001/2002,20210214.0,14.0,Charlton,44.0,38.0,49.0,10.0,14.0,14.0,-11.0,26.31578947368421,Bertahan di EPL
34,2001/2002,20210215.0,15.0,Everton,43.0,45.0,57.0,11.0,17.0,10.0,-12.0,28.947368421052634,Bertahan di EPL
35,2001/2002,20210216.0,16.0,Bolton,40.0,44.0,62.0,9.0,16.0,13.0,-18.0,23.684210526315788,Bertahan di EPL
36,2001/2002,20210217.0,17.0,Sunderland,40.0,29.0,51.0,10.0,18.0,10.0,-22.0,26.31578947368421,Bertahan di EPL
37,2001/2002,20210218.0,18.0,Ipswich,36.0,41.0,64.0,9.0,20.0,9.0,-23.0,23.684210526315788,Degradasi
38,2001/2002,20210219.0,19.0,Derby,30.0,33.0,63.0,8.0,24.0,6.0,-30.0,21.052631578947366,Degradasi
39,2001/2002,20210220.0,20.0,Leicester,28.0,30.0,64.0,5.0,20.0,13.0,-34.0,13.157894736842104,Degradasi
40,2002/2003,20220301.0,1.0,Man United,83.0,74.0,34.0,25.0,5.0,8.0,40.0,65.78947368421053,Juara+UCL
41,2002/2003,20220302.0,2.0,Arsenal,78.0,85.0,42.0,23.0,6.0,9.0,43.0,60.526315789473685,UCL
42,2002/2003,20220303.0,3.0,Newcastle,69.0,63.0,48.0,21.0,11.0,6.0,15.0,55.26315789473685,UCL
43,2002/2003,20220304.0,4.0,Chelsea,67.0,68.0,38.0,19.0,9.0,10.0,30.0,50.0,UCL
44,2002/2003,20220305.0,5.0,Liverpool,64.0,61.0,41.0,18.0,10.0,10.0,20.0,47.368421052631575,UEL
45,2002/2003,20220306.0,6.0,Blackburn,60.0,52.0,43.0,16.0,10.0,12.0,9.0,42.10526315789473,UEL
46,2002/2003,20220307.0,7.0,Everton,59.0,48.0,49.0,17.0,13.0,8.0,-1.0,44.73684210526316,Bertahan di EPL
47,2002/2003,20220308.0,8.0,Southampton,52.0,43.0,46.0,13.0,12.0,13.0,-3.0,34.21052631578947,Bertahan di EPL
48,2002/2003,20220309.0,9.0,Man City,51.0,47.0,54.0,15.0,17.0,6.0,-7.0,39.473684210526315,Bertahan di EPL
49,2002/2003,20220310.0,10.0,Tottenham,50.0,51.0,62.0,14.0,16.0,8.0,-11.0,36.84210526315789,Bertahan di EPL
50,2002/2003,20220311.0,11.0,Midllesbrough,49.0,48.0,44.0,13.0,15.0,10.0,4.0,34.21052631578947,Bertahan di EPL
51,2002/2003,20220312.0,12.0,Charlton,49.0,45.0,56.0,14.0,17.0,7.0,-11.0,36.84210526315789,Bertahan di EPL
52,2002/2003,20220313.0,13.0,Birmingham,48.0,41.0,49.0,13.0,16.0,9.0,-8.0,34.21052631578947,Bertahan di EPL
53,2002/2003,20220314.0,14.0,Fulham,48.0,41.0,50.0,13.0,16.0,9.0,-9.0,34.21052631578947,Bertahan di EPL
54,2002/2003,20220315.0,15.0,Leeds,47.0,58.0,57.0,14.0,19.0,5.0,1.0,36.84210526315789,Bertahan di EPL
55,2002/2003,20220316.0,16.0,Aston Villa,45.0,42.0,47.0,12.0,17.0,9.0,-5.0,31.57894736842105,Bertahan di EPL
56,2002/2003,20220317.0,17.0,Bolton,44.0,41.0,51.0,10.0,14.0,14.0,-10.0,26.31578947368421,Bertahan di EPL
57,2002/2003,20220318.0,18.0,West Ham,42.0,42.0,59.0,10.0,16.0,12.0,-17.0,26.31578947368421,Degradasi
58,2002/2003,20220319.0,19.0,West Brom,26.0,29.0,65.0,6.0,24.0,8.0,-36.0,15.789473684210526,Degradasi
59,2002/2003,20220320.0,20.0,Sunderland,19.0,21.0,65.0,4.0,27.0,7.0,-44.0,10.526315789473683,Degradasi
60,2003/2004,20230401.0,1.0,Arsenal,90.0,73.0,26.0,26.0,0.0,12.0,47.0,68.42105263157895,Juara+UCL
61,2003/2004,20230402.0,2.0,Chelsea,79.0,67.0,30.0,24.0,7.0,7.0,37.0,63.1578947368421,UCL
62,2003/2004,20230403.0,3.0,Man United,75.0,64.0,35.0,23.0,9.0,6.0,29.0,60.526315789473685,UCL
63,2003/2004,20230404.0,4.0,Liverpool,60.0,55.0,37.0,16.0,10.0,12.0,18.0,42.10526315789473,UCL
64,2003/2004,20230405.0,5.0,Newcastle,56.0,52.0,40.0,13.0,8.0,17.0,12.0,34.21052631578947,UEL
65,2003/2004,20230406.0,6.0,Aston Villa,56.0,48.0,44.0,15.0,12.0,11.0,4.0,39.473684210526315,UEL
66,2003/2004,20230407.0,7.0,Charlton,53.0,51.0,51.0,14.0,13.0,11.0,0.0,36.84210526315789,Bertahan di EPL
67,2003/2004,20230408.0,8.0,Bolton,53.0,48.0,56.0,14.0,13.0,11.0,-8.0,36.84210526315789,Bertahan di EPL
68,2003/2004,20230409.0,9.0,Fulham,52.0,52.0,46.0,14.0,14.0,10.0,6.0,36.84210526315789,Bertahan di EPL
69,2003/2004,20230410.0,10.0,Birmingham,50.0,43.0,48.0,12.0,12.0,14.0,-5.0,31.57894736842105,Bertahan di EPL
70,2003/2004,20230411.0,11.0,Middlesbrough,48.0,44.0,52.0,13.0,16.0,9.0,-8.0,34.21052631578947,Bertahan di EPL
71,2003/2004,20230412.0,12.0,Southampton,47.0,44.0,45.0,12.0,15.0,11.0,-1.0,31.57894736842105,Bertahan di EPL
72,2003/2004,20230413.0,13.0,Portsmouth,45.0,47.0,54.0,12.0,17.0,9.0,-7.0,31.57894736842105,Bertahan di EPL
73,2003/2004,20230414.0,14.0,Tottenham,45.0,47.0,57.0,13.0,19.0,6.0,-10.0,34.21052631578947,Bertahan di EPL
74,2003/2004,20230415.0,15.0,Blackburn,44.0,51.0,59.0,12.0,18.0,8.0,-8.0,31.57894736842105,Bertahan di EPL
75,2003/2004,20230416.0,16.0,Man City,41.0,55.0,54.0,9.0,15.0,14.0,1.0,23.684210526315788,Bertahan di EPL
76,2003/2004,20230417.0,17.0,Everton,39.0,45.0,57.0,9.0,17.0,12.0,-12.0,23.684210526315788,Bertahan di EPL
77,2003/2004,20230418.0,18.0,Leicester,33.0,48.0,65.0,6.0,17.0,15.0,-17.0,15.789473684210526,Degradasi
78,2003/2004,20230419.0,19.0,Leeds,33.0,40.0,79.0,8.0,21.0,9.0,-39.0,21.052631578947366,Degradasi
79,2003/2004,20230420.0,20.0,Wolves,33.0,38.0,77.0,7.0,19.0,12.0,-39.0,18.421052631578945,Degradasi
80,2004/2005,20240501.0,1.0,Chelsea,95.0,72.0,15.0,29.0,1.0,8.0,57.0,76.31578947368422,Juara+UCL
81,2004/2005,20240502.0,2.0,Arsenal,83.0,87.0,36.0,25.0,5.0,8.0,51.0,65.78947368421053,UCL
82,2004/2005,20240503.0,3.0,Man United,77.0,58.0,26.0,22.0,5.0,11.0,32.0,57.89473684210527,UCL
83,2004/2005,20240504.0,4.0,Everton,61.0,45.0,46.0,18.0,13.0,7.0,-1.0,47.368421052631575,UCL
84,2004/2005,20240505.0,5.0,Liverpool,58.0,52.0,41.0,17.0,14.0,7.0,11.0,44.73684210526316,UEL
85,2004/2005,20240506.0,6.0,Bolton,58.0,49.0,44.0,16.0,12.0,10.0,5.0,42.10526315789473,UEL
86,2004/2005,20240507.0,7.0,Middlesbrough,55.0,53.0,46.0,14.0,11.0,13.0,7.0,36.84210526315789,Bertahan di EPL
87,2004/2005,20240508.0,8.0,Man City,52.0,47.0,39.0,13.0,12.0,13.0,8.0,34.21052631578947,Bertahan di EPL
88,2004/2005,20240509.0,9.0,Tottenham,52.0,47.0,41.0,14.0,14.0,10.0,6.0,36.84210526315789,Bertahan di EPL
89,2004/2005,20240510.0,10.0,Aston Villa,47.0,45.0,52.0,12.0,15.0,11.0,-7.0,31.57894736842105,Bertahan di EPL
90,2004/2005,20240511.0,11.0,Charlton,46.0,42.0,58.0,12.0,16.0,10.0,-16.0,31.57894736842105,Bertahan di EPL
91,2004/2005,20240512.0,12.0,Birmingham,45.0,40.0,46.0,11.0,15.0,12.0,-6.0,28.947368421052634,Bertahan di EPL
92,2004/2005,20240513.0,13.0,Fulham,44.0,52.0,60.0,12.0,18.0,8.0,-8.0,31.57894736842105,Bertahan di EPL
93,2004/2005,20240514.0,14.0,Newcastle,44.0,47.0,57.0,10.0,14.0,14.0,-10.0,26.31578947368421,Bertahan di EPL
94,2004/2005,20240515.0,15.0,Blackburn,42.0,32.0,43.0,9.0,14.0,15.0,-11.0,23.684210526315788,Bertahan di EPL
95,2004/2005,20240516.0,16.0,Portsmouth,39.0,43.0,59.0,10.0,19.0,9.0,-16.0,26.31578947368421,Bertahan di EPL
96,2004/2005,20240517.0,17.0,West Brom,34.0,36.0,61.0,6.0,16.0,16.0,-25.0,15.789473684210526,Bertahan di EPL
97,2004/2005,20240518.0,18.0,Crystal Palace,33.0,41.0,62.0,7.0,19.0,12.0,-21.0,18.421052631578945,Degradasi
98,2004/2005,20240519.0,19.0,Norwich,33.0,42.0,77.0,7.0,19.0,12.0,-35.0,18.421052631578945,Degradasi
99,2004/2005,20240520.0,20.0,Southampton,32.0,45.0,66.0,6.0,18.0,14.0,-21.0,15.789473684210526,Degradasi
100,2005/2006,20250601.0,1.0,Chelsea,91.0,72.0,22.0,29.0,5.0,4.0,50.0,76.31578947368422,Juara+UCL
101,2005/2006,20250602.0,2.0,Man United,83.0,72.0,34.0,25.0,5.0,8.0,38.0,65.78947368421053,UCL
102,2005/2006,20250603.0,3.0,Liverpool,82.0,57.0,25.0,25.0,6.0,7.0,32.0,65.78947368421053,UCL
103,2005/2006,20250604.0,4.0,Arsenal,67.0,68.0,31.0,20.0,11.0,7.0,37.0,52.63157894736842,UCL
104,2005/2006,20250605.0,5.0,Tottenham,65.0,53.0,38.0,18.0,9.0,11.0,15.0,47.368421052631575,UEL
105,2005/2006,20250606.0,6.0,Blackburn,63.0,51.0,42.0,19.0,13.0,6.0,9.0,50.0,UEL
106,2005/2006,20250607.0,7.0,Newcastle,58.0,47.0,42.0,17.0,14.0,7.0,5.0,44.73684210526316,Bertahan di EPL
107,2005/2006,20250608.0,8.0,Bolton,56.0,49.0,41.0,15.0,12.0,11.0,8.0,39.473684210526315,Bertahan di EPL
108,2005/2006,20250609.0,9.0,West Ham,55.0,52.0,55.0,16.0,15.0,7.0,-3.0,42.10526315789473,Bertahan di EPL
109,2005/2006,20250610.0,10.0,Wigan,51.0,45.0,52.0,15.0,17.0,6.0,-7.0,39.473684210526315,Bertahan di EPL
110,2005/2006,20250611.0,11.0,Everton,50.0,34.0,49.0,14.0,16.0,8.0,-15.0,36.84210526315789,Bertahan di EPL
111,2005/2006,20250612.0,12.0,Fulham,48.0,48.0,58.0,14.0,18.0,6.0,-10.0,36.84210526315789,Bertahan di EPL
112,2005/2006,20250613.0,13.0,Charlton,47.0,41.0,55.0,13.0,17.0,8.0,-14.0,34.21052631578947,Bertahan di EPL
113,2005/2006,20250614.0,14.0,Middlesbrough,45.0,48.0,58.0,12.0,17.0,9.0,-10.0,31.57894736842105,Bertahan di EPL
114,2005/2006,20250615.0,15.0,Man City,43.0,43.0,48.0,13.0,21.0,4.0,-5.0,34.21052631578947,Bertahan di EPL
115,2005/2006,20250616.0,16.0,Aston Villa,42.0,42.0,55.0,10.0,16.0,12.0,-13.0,26.31578947368421,Bertahan di EPL
116,2005/2006,20250617.0,17.0,Portsmouth,38.0,37.0,62.0,10.0,20.0,8.0,-25.0,26.31578947368421,Bertahan di EPL
117,2005/2006,20250618.0,18.0,Birmingham,34.0,28.0,50.0,8.0,20.0,10.0,-22.0,21.052631578947366,Degradasi
118,2005/2006,20250619.0,19.0,West Brom,30.0,31.0,58.0,7.0,22.0,9.0,-27.0,18.421052631578945,Degradasi
119,2005/2006,20250620.0,20.0,Sunderland,15.0,26.0,69.0,3.0,29.0,6.0,-43.0,7.894736842105263,Degradasi
120,2006/2007,20260701.0,1.0,Man United,89.0,83.0,27.0,28.0,5.0,5.0,56.0,73.68421052631578,Juara+UCL
121,2006/2007,20260702.0,2.0,Chelsea,83.0,64.0,24.0,24.0,3.0,11.0,40.0,63.1578947368421,UCL
122,2006/2007,20260703.0,3.0,Liverpool,68.0,57.0,27.0,20.0,10.0,8.0,30.0,52.63157894736842,UCL
123,2006/2007,20260704.0,4.0,Arsenal,68.0,63.0,35.0,19.0,8.0,11.0,28.0,50.0,UCL
124,2006/2007,20260705.0,5.0,Tottenham,60.0,57.0,54.0,17.0,12.0,9.0,3.0,44.73684210526316,UEL
125,2006/2007,20260706.0,6.0,Everton,58.0,52.0,36.0,15.0,10.0,13.0,16.0,39.473684210526315,UEL
126,2006/2007,20260707.0,7.0,Bolton,56.0,47.0,52.0,16.0,14.0,8.0,-5.0,42.10526315789473,Bertahan di EPL
127,2006/2007,20260708.0,8.0,Reading,55.0,52.0,47.0,16.0,15.0,7.0,5.0,42.10526315789473,Bertahan di EPL
128,2006/2007,20260709.0,9.0,Portsmouth,54.0,45.0,42.0,14.0,12.0,12.0,3.0,36.84210526315789,Bertahan di EPL
129,2006/2007,20260710.0,10.0,Blackburn,52.0,52.0,54.0,15.0,16.0,7.0,-2.0,39.473684210526315,Bertahan di EPL
130,2006/2007,20260711.0,11.0,Aston Villa,50.0,43.0,41.0,11.0,10.0,17.0,2.0,28.947368421052634,Bertahan di EPL
131,2006/2007,20260712.0,12.0,Middlesbrough,46.0,44.0,49.0,12.0,16.0,10.0,-5.0,31.57894736842105,Bertahan di EPL
132,2006/2007,20260713.0,13.0,Newcastle,43.0,38.0,47.0,11.0,17.0,10.0,-9.0,28.947368421052634,Bertahan di EPL
133,2006/2007,20260714.0,14.0,Man City,42.0,29.0,44.0,11.0,18.0,9.0,-15.0,28.947368421052634,Bertahan di EPL
134,2006/2007,20260715.0,15.0,West Ham,41.0,35.0,59.0,12.0,21.0,5.0,-24.0,31.57894736842105,Bertahan di EPL
135,2006/2007,20260716.0,16.0,Fulham,39.0,38.0,60.0,8.0,15.0,15.0,-22.0,21.052631578947366,Bertahan di EPL
136,2006/2007,20260717.0,17.0,Wigan,38.0,37.0,59.0,10.0,20.0,8.0,-22.0,26.31578947368421,Bertahan di EPL
137,2006/2007,20260718.0,18.0,Sheffield United,38.0,32.0,55.0,10.0,20.0,8.0,-23.0,26.31578947368421,Degradasi
138,2006/2007,20260719.0,19.0,Charlton,34.0,34.0,60.0,8.0,20.0,10.0,-26.0,21.052631578947366,Degradasi
139,2006/2007,20260720.0,20.0,Watford,28.0,29.0,59.0,5.0,20.0,13.0,-30.0,13.157894736842104,Degradasi
140,2007/2008,20270801.0,1.0,Man United,87.0,80.0,22.0,27.0,5.0,6.0,58.0,71.05263157894737,Juara+UCL
141,2007/2008,20270802.0,2.0,Chelsea,85.0,65.0,26.0,25.0,3.0,10.0,39.0,65.78947368421053,UCL
142,2007/2008,20270803.0,3.0,Arsenal,83.0,74.0,31.0,24.0,3.0,11.0,43.0,63.1578947368421,UCL
143,2007/2008,20270804.0,4.0,Liverpool,76.0,67.0,28.0,21.0,4.0,13.0,39.0,55.26315789473685,UCL
144,2007/2008,20270805.0,5.0,Everton,65.0,55.0,33.0,19.0,11.0,8.0,22.0,50.0,UEL
145,2007/2008,20270806.0,6.0,Aston Villa,60.0,71.0,51.0,16.0,10.0,12.0,20.0,42.10526315789473,UEL
146,2007/2008,20270807.0,7.0,Blackburn,58.0,50.0,48.0,15.0,10.0,13.0,2.0,39.473684210526315,Bertahan di EPL
147,2007/2008,20270808.0,8.0,Portsmouth,57.0,48.0,40.0,16.0,13.0,9.0,8.0,42.10526315789473,Bertahan di EPL
148,2007/2008,20270809.0,9.0,Man City,55.0,45.0,53.0,15.0,13.0,10.0,-8.0,39.473684210526315,Bertahan di EPL
149,2007/2008,20270810.0,10.0,West Ham,49.0,42.0,50.0,13.0,15.0,10.0,-8.0,34.21052631578947,Bertahan di EPL
150,2007/2008,20270811.0,11.0,Tottenham,46.0,66.0,61.0,11.0,14.0,13.0,5.0,28.947368421052634,Bertahan di EPL
151,2007/2008,20270812.0,12.0,Newcastle,43.0,45.0,65.0,11.0,17.0,10.0,-20.0,28.947368421052634,Bertahan di EPL
152,2007/2008,20270813.0,13.0,Middlesbrough,42.0,43.0,53.0,10.0,16.0,12.0,-10.0,26.31578947368421,Bertahan di EPL
153,2007/2008,20270814.0,14.0,Wigan,40.0,34.0,51.0,10.0,18.0,10.0,-17.0,26.31578947368421,Bertahan di EPL
154,2007/2008,20270815.0,15.0,Sunderland,39.0,36.0,59.0,11.0,21.0,6.0,-23.0,28.947368421052634,Bertahan di EPL
155,2007/2008,20270816.0,16.0,Bolton,37.0,36.0,54.0,9.0,19.0,10.0,-18.0,23.684210526315788,Bertahan di EPL
156,2007/2008,20270817.0,17.0,Fulham,36.0,38.0,60.0,8.0,18.0,12.0,-22.0,21.052631578947366,Bertahan di EPL
157,2007/2008,20270818.0,18.0,Reading,36.0,41.0,66.0,10.0,22.0,6.0,-25.0,26.31578947368421,Degradasi
158,2007/2008,20270819.0,19.0,Birmingham,35.0,46.0,62.0,8.0,19.0,11.0,-16.0,21.052631578947366,Degradasi
159,2007/2008,20270820.0,20.0,Derby,11.0,20.0,89.0,1.0,29.0,8.0,-69.0,2.631578947368421,Degradasi
160,2008/2009,20280901.0,1.0,Man United,90.0,68.0,24.0,28.0,4.0,6.0,44.0,73.68421052631578,Juara+UCL
161,2008/2009,20280902.0,2.0,Liverpool,86.0,77.0,27.0,25.0,2.0,11.0,50.0,65.78947368421053,UCL
162,2008/2009,20280903.0,3.0,Chelsea,83.0,68.0,24.0,25.0,5.0,8.0,44.0,65.78947368421053,UCL
163,2008/2009,20280904.0,4.0,Arsenal,72.0,68.0,37.0,20.0,6.0,12.0,31.0,52.63157894736842,UCL
164,2008/2009,20280905.0,5.0,Everton,63.0,55.0,37.0,17.0,9.0,12.0,18.0,44.73684210526316,UEL
165,2008/2009,20280906.0,6.0,Aston Villa,62.0,54.0,48.0,17.0,10.0,11.0,6.0,44.73684210526316,UEL
166,2008/2009,20280907.0,7.0,Fulham,53.0,39.0,34.0,14.0,13.0,11.0,5.0,36.84210526315789,Bertahan di EPL
167,2008/2009,20280908.0,8.0,Tottenham,51.0,45.0,45.0,14.0,15.0,9.0,0.0,36.84210526315789,Bertahan di EPL
168,2008/2009,20280909.0,9.0,West Ham,51.0,42.0,45.0,14.0,15.0,9.0,-3.0,36.84210526315789,Bertahan di EPL
169,2008/2009,20280910.0,10.0,Man City,50.0,58.0,50.0,15.0,18.0,5.0,8.0,39.473684210526315,Bertahan di EPL
170,2008/2009,20280911.0,11.0,Wigan,45.0,34.0,45.0,12.0,17.0,9.0,-11.0,31.57894736842105,Bertahan di EPL
171,2008/2009,20280912.0,12.0,Stoke,45.0,38.0,55.0,12.0,17.0,9.0,-17.0,31.57894736842105,Bertahan di EPL
172,2008/2009,20280913.0,13.0,Bolton,41.0,41.0,53.0,11.0,19.0,8.0,-12.0,28.947368421052634,Bertahan di EPL
173,2008/2009,20280914.0,14.0,Portsmouth,41.0,38.0,57.0,10.0,17.0,11.0,-19.0,26.31578947368421,Bertahan di EPL
174,2008/2009,20280915.0,15.0,Blackburn,41.0,40.0,60.0,10.0,17.0,11.0,-20.0,26.31578947368421,Bertahan di EPL
175,2008/2009,20280916.0,16.0,Sunderland,36.0,34.0,54.0,9.0,20.0,9.0,-20.0,23.684210526315788,Bertahan di EPL
176,2008/2009,20280917.0,17.0,Hull,35.0,39.0,64.0,8.0,19.0,11.0,-25.0,21.052631578947366,Bertahan di EPL
177,2008/2009,20280918.0,18.0,Newcastle,34.0,40.0,59.0,7.0,18.0,13.0,-19.0,18.421052631578945,Degradasi
178,2008/2009,20280919.0,19.0,Middlesbrough,32.0,28.0,57.0,7.0,20.0,11.0,-29.0,18.421052631578945,Degradasi
179,2008/2009,20280920.0,20.0,West Brom,32.0,36.0,67.0,8.0,22.0,8.0,-31.0,21.052631578947366,Degradasi
180,2009/2010,20291001.0,1.0,Chelsea,86.0,103.0,32.0,27.0,6.0,5.0,71.0,71.05263157894737,Juara+UCL
181,2009/2010,20291002.0,2.0,Man United,85.0,86.0,28.0,27.0,7.0,4.0,58.0,71.05263157894737,UCL
182,2009/2010,20291003.0,3.0,Arsenal,75.0,83.0,41.0,23.0,9.0,6.0,42.0,60.526315789473685,UCL
183,2009/2010,20291004.0,4.0,Tottenham,70.0,67.0,41.0,21.0,10.0,7.0,26.0,55.26315789473685,UCL
184,2009/2010,20291005.0,5.0,Man City,67.0,73.0,45.0,18.0,7.0,13.0,28.0,47.368421052631575,UEL
185,2009/2010,20291006.0,6.0,Aston Villa,64.0,52.0,39.0,17.0,8.0,13.0,13.0,44.73684210526316,UEL
186,2009/2010,20291007.0,7.0,Liverpool,63.0,61.0,35.0,18.0,11.0,9.0,26.0,47.368421052631575,Bertahan di EPL
187,2009/2010,20291008.0,8.0,Everton,61.0,60.0,49.0,16.0,9.0,13.0,11.0,42.10526315789473,Bertahan di EPL
188,2009/2010,20291009.0,9.0,Birmingham,50.0,38.0,47.0,13.0,14.0,11.0,-9.0,34.21052631578947,Bertahan di EPL
189,2009/2010,20291010.0,10.0,Blackburn,50.0,41.0,55.0,13.0,14.0,11.0,-14.0,34.21052631578947,Bertahan di EPL
190,2009/2010,20291011.0,11.0,Stoke,47.0,34.0,48.0,11.0,13.0,14.0,-14.0,28.947368421052634,Bertahan di EPL
191,2009/2010,20291012.0,12.0,Fulham,46.0,39.0,46.0,12.0,16.0,10.0,-7.0,31.57894736842105,Bertahan di EPL
192,2009/2010,20291013.0,13.0,Sunderland,44.0,48.0,56.0,11.0,16.0,11.0,-8.0,28.947368421052634,Bertahan di EPL
193,2009/2010,20291014.0,14.0,Bolton,39.0,42.0,67.0,10.0,19.0,9.0,-25.0,26.31578947368421,Bertahan di EPL
194,2009/2010,20291015.0,15.0,Wolves,38.0,32.0,56.0,9.0,18.0,11.0,-24.0,23.684210526315788,Bertahan di EPL
195,2009/2010,20291016.0,16.0,Wigan,36.0,37.0,79.0,9.0,20.0,9.0,-42.0,23.684210526315788,Bertahan di EPL
196,2009/2010,20291017.0,17.0,West Ham,35.0,47.0,66.0,8.0,19.0,11.0,-19.0,21.052631578947366,Bertahan di EPL
197,2009/2010,20291018.0,18.0,Burnley,30.0,42.0,82.0,8.0,24.0,6.0,-40.0,21.052631578947366,Degradasi
198,2009/2010,20291019.0,19.0,Hull,30.0,34.0,75.0,6.0,20.0,12.0,-41.0,15.789473684210526,Degradasi
199,2009/2010,20291020.0,20.0,Portsmouth,28.0,34.0,66.0,7.0,24.0,7.0,-32.0,18.421052631578945,Degradasi
200,2010/2011,20301101.0,1.0,Man United,80.0,78.0,37.0,23.0,4.0,11.0,41.0,60.526315789473685,Juara+UCL
201,2010/2011,20301102.0,2.0,Chelsea,71.0,69.0,33.0,21.0,9.0,8.0,36.0,55.26315789473685,UCL
202,2010/2011,20301103.0,3.0,Man City,71.0,60.0,33.0,21.0,9.0,8.0,27.0,55.26315789473685,UCL
203,2010/2011,20301104.0,4.0,Arsenal,68.0,72.0,43.0,19.0,8.0,11.0,29.0,50.0,UCL
204,2010/2011,20301105.0,5.0,Tottenham,62.0,55.0,46.0,16.0,8.0,14.0,9.0,42.10526315789473,UEL
205,2010/2011,20301106.0,6.0,Liverpool,58.0,59.0,44.0,17.0,14.0,7.0,15.0,44.73684210526316,UEL
206,2010/2011,20301107.0,7.0,Everton,54.0,51.0,45.0,13.0,10.0,15.0,6.0,34.21052631578947,Bertahan di EPL
207,2010/2011,20301108.0,8.0,Fulham,49.0,49.0,43.0,11.0,11.0,16.0,6.0,28.947368421052634,Bertahan di EPL
208,2010/2011,20301109.0,9.0,Aston Villa,48.0,48.0,59.0,12.0,14.0,12.0,-11.0,31.57894736842105,Bertahan di EPL
209,2010/2011,20301110.0,10.0,Sunderland,47.0,45.0,56.0,12.0,15.0,11.0,-11.0,31.57894736842105,Bertahan di EPL
210,2010/2011,20301111.0,11.0,West Brom,47.0,56.0,71.0,12.0,15.0,11.0,-15.0,31.57894736842105,Bertahan di EPL
211,2010/2011,20301112.0,12.0,Newcastle,46.0,56.0,57.0,11.0,14.0,13.0,-1.0,28.947368421052634,Bertahan di EPL
212,2010/2011,20301113.0,13.0,Stoke,46.0,46.0,48.0,13.0,18.0,7.0,-2.0,34.21052631578947,Bertahan di EPL
213,2010/2011,20301114.0,14.0,Bolton,46.0,52.0,56.0,12.0,16.0,10.0,-4.0,31.57894736842105,Bertahan di EPL
214,2010/2011,20301115.0,15.0,Blackburn,43.0,46.0,59.0,11.0,17.0,10.0,-13.0,28.947368421052634,Bertahan di EPL
215,2010/2011,20301116.0,16.0,Wigan,42.0,40.0,61.0,9.0,14.0,15.0,-21.0,23.684210526315788,Bertahan di EPL
216,2010/2011,20301117.0,17.0,Wolves,40.0,46.0,66.0,11.0,20.0,7.0,-20.0,28.947368421052634,Bertahan di EPL
217,2010/2011,20301118.0,18.0,Birmingham,39.0,37.0,58.0,8.0,15.0,15.0,-21.0,21.052631578947366,Degradasi
218,2010/2011,20301119.0,19.0,Blackpool,39.0,55.0,78.0,10.0,19.0,9.0,-23.0,26.31578947368421,Degradasi
219,2010/2011,20301120.0,20.0,West Ham,33.0,43.0,70.0,7.0,19.0,12.0,-27.0,18.421052631578945,Degradasi
220,2011/2012,20311201.0,1.0,Man City,89.0,93.0,29.0,28.0,5.0,5.0,64.0,73.68421052631578,Juara+UCL
221,2011/2012,20311202.0,2.0,Man United,89.0,89.0,33.0,28.0,5.0,5.0,56.0,73.68421052631578,UCL
222,2011/2012,20311203.0,3.0,Arsenal,70.0,74.0,49.0,21.0,10.0,7.0,25.0,55.26315789473685,UCL
223,2011/2012,20311204.0,4.0,Tottenham,69.0,66.0,41.0,20.0,9.0,9.0,25.0,52.63157894736842,UCL
224,2011/2012,20311205.0,5.0,Newcastle,65.0,56.0,51.0,19.0,11.0,8.0,5.0,50.0,UEL
225,2011/2012,20311206.0,6.0,Chelsea,64.0,65.0,46.0,18.0,10.0,10.0,19.0,47.368421052631575,UEL
226,2011/2012,20311207.0,7.0,Everton,56.0,50.0,40.0,15.0,12.0,11.0,10.0,39.473684210526315,Bertahan di EPL
227,2011/2012,20311208.0,8.0,Liverpool,52.0,47.0,40.0,14.0,14.0,10.0,7.0,36.84210526315789,Bertahan di EPL
228,2011/2012,20311209.0,9.0,Fulham,52.0,48.0,51.0,14.0,14.0,10.0,-3.0,36.84210526315789,Bertahan di EPL
229,2011/2012,20311210.0,10.0,West Brom,47.0,45.0,52.0,13.0,17.0,8.0,-7.0,34.21052631578947,Bertahan di EPL
230,2011/2012,20311211.0,11.0,Swansea,47.0,44.0,51.0,12.0,15.0,11.0,-7.0,31.57894736842105,Bertahan di EPL
231,2011/2012,20311212.0,12.0,Norwich,47.0,52.0,66.0,12.0,15.0,11.0,-14.0,31.57894736842105,Bertahan di EPL
232,2011/2012,20311213.0,13.0,Sunderland,45.0,45.0,46.0,11.0,15.0,12.0,-1.0,28.947368421052634,Bertahan di EPL
233,2011/2012,20311214.0,14.0,Stoke,45.0,36.0,53.0,11.0,15.0,12.0,-17.0,28.947368421052634,Bertahan di EPL
234,2011/2012,20311215.0,15.0,Wigan,43.0,42.0,62.0,11.0,17.0,10.0,-20.0,28.947368421052634,Bertahan di EPL
235,2011/2012,20311216.0,16.0,Aston Villa,38.0,37.0,53.0,7.0,14.0,17.0,-16.0,18.421052631578945,Bertahan di EPL
236,2011/2012,20311217.0,17.0,QPR,37.0,43.0,66.0,10.0,21.0,7.0,-23.0,26.31578947368421,Bertahan di EPL
237,2011/2012,20311218.0,18.0,Bolton,36.0,46.0,77.0,10.0,22.0,6.0,-31.0,26.31578947368421,Degradasi
238,2011/2012,20311219.0,19.0,Blackburn,31.0,48.0,78.0,8.0,23.0,7.0,-30.0,21.052631578947366,Degradasi
239,2011/2012,20311220.0,20.0,Wolves,25.0,40.0,82.0,5.0,23.0,10.0,-42.0,13.157894736842104,Degradasi
240,2012/2013,20321301.0,1.0,Man United,89.0,86.0,43.0,28.0,5.0,5.0,43.0,73.68421052631578,Juara+UCL
241,2012/2013,20321302.0,2.0,Man City,78.0,66.0,34.0,23.0,6.0,9.0,32.0,60.526315789473685,UCL
242,2012/2013,20321303.0,3.0,Chelsea,75.0,75.0,39.0,22.0,7.0,9.0,36.0,57.89473684210527,UCL
243,2012/2013,20321304.0,4.0,Arsenal,73.0,72.0,37.0,21.0,7.0,10.0,35.0,55.26315789473685,UCL
244,2012/2013,20321305.0,5.0,Tottenham,72.0,66.0,46.0,21.0,8.0,9.0,20.0,55.26315789473685,UEL
245,2012/2013,20321306.0,6.0,Everton,63.0,55.0,40.0,16.0,7.0,15.0,15.0,42.10526315789473,UEL
246,2012/2013,20321307.0,7.0,Liverpool,61.0,71.0,43.0,16.0,9.0,13.0,28.0,42.10526315789473,Bertahan di EPL
247,2012/2013,20321308.0,8.0,West Brom,49.0,53.0,57.0,14.0,17.0,7.0,-4.0,36.84210526315789,Bertahan di EPL
248,2012/2013,20321309.0,9.0,Swansea,46.0,47.0,51.0,11.0,14.0,13.0,-4.0,28.947368421052634,Bertahan di EPL
249,2012/2013,20321310.0,10.0,West Ham,46.0,45.0,53.0,12.0,16.0,10.0,-8.0,31.57894736842105,Bertahan di EPL
250,2012/2013,20321311.0,11.0,Norwich,44.0,41.0,58.0,10.0,14.0,14.0,-17.0,26.31578947368421,Bertahan di EPL
251,2012/2013,20321312.0,12.0,Fulham,43.0,50.0,60.0,11.0,17.0,10.0,-10.0,28.947368421052634,Bertahan di EPL
252,2012/2013,20321313.0,13.0,Stoke,42.0,34.0,45.0,9.0,14.0,15.0,-11.0,23.684210526315788,Bertahan di EPL
253,2012/2013,20321314.0,14.0,Southampton,41.0,49.0,60.0,9.0,15.0,14.0,-11.0,23.684210526315788,Bertahan di EPL
254,2012/2013,20321315.0,15.0,Aston Villa,41.0,47.0,69.0,10.0,17.0,11.0,-22.0,26.31578947368421,Bertahan di EPL
255,2012/2013,20321316.0,16.0,Newcastle,41.0,45.0,68.0,11.0,19.0,8.0,-23.0,28.947368421052634,Bertahan di EPL
256,2012/2013,20321317.0,17.0,Sunderland,39.0,41.0,54.0,9.0,17.0,12.0,-13.0,23.684210526315788,Bertahan di EPL
257,2012/2013,20321318.0,18.0,Wigan,36.0,47.0,73.0,9.0,20.0,9.0,-26.0,23.684210526315788,Degradasi
258,2012/2013,20321319.0,19.0,Reading,28.0,43.0,73.0,6.0,22.0,10.0,-30.0,15.789473684210526,Degradasi
259,2012/2013,20321320.0,20.0,QPR,25.0,30.0,60.0,4.0,21.0,13.0,-30.0,10.526315789473683,Degradasi
260,2013/2014,20331401.0,1.0,Man City,86.0,102.0,37.0,27.0,6.0,5.0,65.0,71.05263157894737,Juara+UCL
261,2013/2014,20331402.0,2.0,Liverpool,84.0,101.0,50.0,26.0,6.0,6.0,51.0,68.42105263157895,UCL
262,2013/2014,20331403.0,3.0,Chelsea,82.0,71.0,27.0,25.0,6.0,7.0,44.0,65.78947368421053,UCL
263,2013/2014,20331404.0,4.0,Arsenal,79.0,68.0,41.0,24.0,7.0,7.0,27.0,63.1578947368421,UCL
264,2013/2014,20331405.0,5.0,Everton,72.0,61.0,39.0,21.0,8.0,9.0,22.0,55.26315789473685,UEL
265,2013/2014,20331406.0,6.0,Tottenham,69.0,55.0,51.0,21.0,11.0,6.0,4.0,55.26315789473685,UEL
266,2013/2014,20331407.0,7.0,Man United,64.0,64.0,43.0,19.0,12.0,7.0,21.0,50.0,Bertahan di EPL
267,2013/2014,20331408.0,8.0,Southampton,56.0,54.0,46.0,15.0,12.0,11.0,8.0,39.473684210526315,Bertahan di EPL
268,2013/2014,20331409.0,9.0,Stoke,50.0,45.0,52.0,13.0,14.0,11.0,-7.0,34.21052631578947,Bertahan di EPL
269,2013/2014,20331410.0,10.0,Newcastle,49.0,43.0,59.0,15.0,19.0,4.0,-16.0,39.473684210526315,Bertahan di EPL
270,2013/2014,20331411.0,11.0,Crystal Palace,45.0,33.0,48.0,13.0,19.0,6.0,-15.0,34.21052631578947,Bertahan di EPL
271,2013/2014,20331412.0,12.0,Swansea,42.0,54.0,54.0,11.0,18.0,9.0,0.0,28.947368421052634,Bertahan di EPL
272,2013/2014,20331413.0,13.0,West Ham,40.0,40.0,51.0,11.0,20.0,7.0,-11.0,28.947368421052634,Bertahan di EPL
273,2013/2014,20331414.0,14.0,Sunderland,38.0,41.0,60.0,10.0,20.0,8.0,-19.0,26.31578947368421,Bertahan di EPL
274,2013/2014,20331415.0,15.0,Aston Villa,38.0,39.0,61.0,10.0,20.0,8.0,-22.0,26.31578947368421,Bertahan di EPL
275,2013/2014,20331416.0,16.0,Hull,37.0,38.0,53.0,10.0,21.0,7.0,-15.0,26.31578947368421,Bertahan di EPL
276,2013/2014,20331417.0,17.0,West Brom,36.0,43.0,59.0,7.0,16.0,15.0,-16.0,18.421052631578945,Bertahan di EPL
277,2013/2014,20331418.0,18.0,Norwich,33.0,28.0,62.0,8.0,21.0,9.0,-34.0,21.052631578947366,Degradasi
278,2013/2014,20331419.0,19.0,Fulham,32.0,40.0,85.0,9.0,24.0,5.0,-45.0,23.684210526315788,Degradasi
279,2013/2014,20331420.0,20.0,Cardiff,30.0,32.0,74.0,7.0,22.0,9.0,-42.0,18.421052631578945,Degradasi
280,2014/2015,20341501.0,1.0,Chelsea,87.0,73.0,32.0,26.0,3.0,9.0,41.0,68.42105263157895,Juara+UCL
281,2014/2015,20341502.0,2.0,Man City,79.0,83.0,38.0,24.0,7.0,7.0,45.0,63.1578947368421,UCL
282,2014/2015,20341503.0,3.0,Arsenal,75.0,71.0,36.0,22.0,7.0,9.0,35.0,57.89473684210527,UCL
283,2014/2015,20341504.0,4.0,Man United,70.0,62.0,37.0,20.0,8.0,10.0,25.0,52.63157894736842,UCL
284,2014/2015,20341505.0,5.0,Tottenham,64.0,58.0,53.0,19.0,12.0,7.0,5.0,50.0,UEL
285,2014/2015,20341506.0,6.0,Liverpool,62.0,52.0,48.0,18.0,12.0,8.0,4.0,47.368421052631575,UEL
286,2014/2015,20341507.0,7.0,Southampton,60.0,54.0,33.0,18.0,14.0,6.0,21.0,47.368421052631575,Bertahan di EPL
287,2014/2015,20341508.0,8.0,Swansea,56.0,46.0,49.0,16.0,14.0,8.0,-3.0,42.10526315789473,Bertahan di EPL
288,2014/2015,20341509.0,9.0,Stoke,54.0,48.0,45.0,15.0,14.0,9.0,3.0,39.473684210526315,Bertahan di EPL
289,2014/2015,20341510.0,10.0,Crystal Palace,48.0,47.0,51.0,13.0,16.0,9.0,-4.0,34.21052631578947,Bertahan di EPL
290,2014/2015,20341511.0,11.0,Everton,47.0,48.0,50.0,12.0,15.0,11.0,-2.0,31.57894736842105,Bertahan di EPL
291,2014/2015,20341512.0,12.0,West Ham,47.0,44.0,47.0,12.0,15.0,11.0,-3.0,31.57894736842105,Bertahan di EPL
292,2014/2015,20341513.0,13.0,West Brom,44.0,38.0,51.0,11.0,16.0,11.0,-13.0,28.947368421052634,Bertahan di EPL
293,2014/2015,20341514.0,14.0,Leicester,41.0,46.0,55.0,11.0,19.0,8.0,-9.0,28.947368421052634,Bertahan di EPL
294,2014/2015,20341515.0,15.0,Newcastle,39.0,40.0,63.0,10.0,19.0,9.0,-23.0,26.31578947368421,Bertahan di EPL
295,2014/2015,20341516.0,16.0,Sunderland,38.0,31.0,53.0,7.0,14.0,17.0,-22.0,18.421052631578945,Bertahan di EPL
296,2014/2015,20341517.0,17.0,Aston Villa,38.0,31.0,57.0,10.0,20.0,8.0,-26.0,26.31578947368421,Bertahan di EPL
297,2014/2015,20341518.0,18.0,Hull,35.0,33.0,51.0,8.0,19.0,11.0,-18.0,21.052631578947366,Degradasi
298,2014/2015,20341519.0,19.0,Burnley,33.0,28.0,53.0,7.0,19.0,12.0,-25.0,18.421052631578945,Degradasi
299,2014/2015,20341520.0,20.0,QPR,30.0,42.0,73.0,8.0,24.0,6.0,-31.0,21.052631578947366,Degradasi
300,2015/2016,20351601.0,1.0,Leicester,81.0,68.0,36.0,23.0,3.0,12.0,32.0,60.526315789473685,Juara+UCL
301,2015/2016,20351602.0,2.0,Arsenal,71.0,65.0,36.0,20.0,7.0,11.0,29.0,52.63157894736842,UCL
302,2015/2016,20351603.0,3.0,Tottenham,70.0,69.0,35.0,19.0,6.0,13.0,34.0,50.0,UCL
303,2015/2016,20351604.0,4.0,Man City,66.0,71.0,41.0,19.0,10.0,9.0,30.0,50.0,UCL
304,2015/2016,20351605.0,5.0,Man United,66.0,49.0,35.0,19.0,10.0,9.0,14.0,50.0,UEL
305,2015/2016,20351606.0,6.0,Southampton,63.0,59.0,41.0,18.0,11.0,9.0,18.0,47.368421052631575,UEL
306,2015/2016,20351607.0,7.0,West Ham,62.0,65.0,51.0,16.0,8.0,14.0,14.0,42.10526315789473,Bertahan di EPL
307,2015/2016,20351608.0,8.0,Liverpool,60.0,63.0,50.0,16.0,10.0,12.0,13.0,42.10526315789473,Bertahan di EPL
308,2015/2016,20351609.0,9.0,Stoke,51.0,41.0,55.0,14.0,15.0,9.0,-14.0,36.84210526315789,Bertahan di EPL
309,2015/2016,20351610.0,10.0,Chelsea,50.0,59.0,53.0,12.0,12.0,14.0,6.0,31.57894736842105,Bertahan di EPL
310,2015/2016,20351611.0,11.0,Everton,47.0,59.0,55.0,11.0,13.0,14.0,4.0,28.947368421052634,Bertahan di EPL
311,2015/2016,20351612.0,12.0,Swansea,47.0,42.0,52.0,12.0,15.0,11.0,-10.0,31.57894736842105,Bertahan di EPL
312,2015/2016,20351613.0,13.0,Watford,45.0,40.0,50.0,12.0,17.0,9.0,-10.0,31.57894736842105,Bertahan di EPL
313,2015/2016,20351614.0,14.0,West Brom,43.0,34.0,48.0,10.0,15.0,13.0,-14.0,26.31578947368421,Bertahan di EPL
314,2015/2016,20351615.0,15.0,Crystal Palace,42.0,39.0,51.0,11.0,18.0,9.0,-12.0,28.947368421052634,Bertahan di EPL
315,2015/2016,20351616.0,16.0,Bournemouth,42.0,45.0,67.0,11.0,18.0,9.0,-22.0,28.947368421052634,Bertahan di EPL
316,2015/2016,20351617.0,17.0,Sunderland,39.0,48.0,62.0,9.0,17.0,12.0,-14.0,23.684210526315788,Bertahan di EPL
317,2015/2016,20351618.0,18.0,Newcastle,37.0,44.0,65.0,9.0,19.0,10.0,-21.0,23.684210526315788,Degradasi
318,2015/2016,20351619.0,19.0,Norwich,34.0,39.0,67.0,9.0,22.0,7.0,-28.0,23.684210526315788,Degradasi
319,2015/2016,20351620.0,20.0,Aston Villa,17.0,27.0,76.0,3.0,27.0,8.0,-49.0,7.894736842105263,Degradasi
320,2016/2017,20361701.0,1.0,Chelsea,93.0,85.0,33.0,30.0,5.0,3.0,52.0,78.94736842105263,Juara+UCL
321,2016/2017,20361702.0,2.0,Tottenham,86.0,86.0,26.0,26.0,4.0,8.0,60.0,68.42105263157895,UCL
322,2016/2017,20361703.0,3.0,Man City,78.0,80.0,39.0,23.0,6.0,9.0,41.0,60.526315789473685,UCL
323,2016/2017,20361704.0,4.0,Liverpool,76.0,78.0,42.0,22.0,6.0,10.0,36.0,57.89473684210527,UCL
324,2016/2017,20361705.0,5.0,Arsenal,75.0,77.0,44.0,23.0,9.0,6.0,33.0,60.526315789473685,UEL
325,2016/2017,20361706.0,6.0,Man United,69.0,54.0,29.0,18.0,5.0,15.0,25.0,47.368421052631575,UEL
326,2016/2017,20361707.0,7.0,Everton,61.0,62.0,44.0,17.0,11.0,10.0,18.0,44.73684210526316,Bertahan di EPL
327,2016/2017,20361708.0,8.0,Southampton,46.0,41.0,48.0,12.0,16.0,10.0,-7.0,31.57894736842105,Bertahan di EPL
328,2016/2017,20361709.0,9.0,Bournemouth,46.0,55.0,67.0,12.0,16.0,10.0,-12.0,31.57894736842105,Bertahan di EPL
329,2016/2017,20361710.0,10.0,West Brom,45.0,43.0,51.0,12.0,17.0,9.0,-8.0,31.57894736842105,Bertahan di EPL
330,2016/2017,20361711.0,11.0,West Ham,45.0,47.0,64.0,12.0,17.0,9.0,-17.0,31.57894736842105,Bertahan di EPL
331,2016/2017,20361712.0,12.0,Leicester,44.0,48.0,63.0,12.0,18.0,8.0,-15.0,31.57894736842105,Bertahan di EPL
332,2016/2017,20361713.0,13.0,Stoke,44.0,41.0,56.0,11.0,16.0,11.0,-15.0,28.947368421052634,Bertahan di EPL
333,2016/2017,20361714.0,14.0,Crystal Palace,41.0,50.0,63.0,12.0,21.0,5.0,-13.0,31.57894736842105,Bertahan di EPL
334,2016/2017,20361715.0,15.0,Swansea,41.0,45.0,70.0,12.0,21.0,5.0,-25.0,31.57894736842105,Bertahan di EPL
335,2016/2017,20361716.0,16.0,Burnley,40.0,39.0,55.0,11.0,20.0,7.0,-16.0,28.947368421052634,Bertahan di EPL
336,2016/2017,20361717.0,17.0,Watford,40.0,40.0,68.0,11.0,20.0,7.0,-28.0,28.947368421052634,Bertahan di EPL
337,2016/2017,20361718.0,18.0,Hull,34.0,37.0,80.0,9.0,22.0,7.0,-43.0,23.684210526315788,Degradasi
338,2016/2017,20361719.0,19.0,Middlesbrough,28.0,27.0,53.0,5.0,20.0,13.0,-26.0,13.157894736842104,Degradasi
339,2016/2017,20361720.0,20.0,Sunderland,24.0,29.0,69.0,6.0,26.0,6.0,-40.0,15.789473684210526,Degradasi
340,2017/2018,20371801.0,1.0,Man City,100.0,106.0,27.0,32.0,2.0,4.0,79.0,84.21052631578947,Juara+UCL
341,2017/2018,20371802.0,2.0,Man United,81.0,68.0,28.0,25.0,7.0,6.0,40.0,65.78947368421053,UCL
342,2017/2018,20371803.0,3.0,Tottenham,77.0,74.0,36.0,23.0,7.0,8.0,38.0,60.526315789473685,UCL
343,2017/2018,20371804.0,4.0,Liverpool,75.0,84.0,38.0,21.0,5.0,12.0,46.0,55.26315789473685,UCL
344,2017/2018,20371805.0,5.0,Chelsea,70.0,62.0,38.0,21.0,10.0,7.0,24.0,55.26315789473685,UEL
345,2017/2018,20371806.0,6.0,Arsenal,63.0,74.0,51.0,19.0,13.0,6.0,23.0,50.0,UEL
346,2017/2018,20371807.0,7.0,Burnley,54.0,36.0,39.0,14.0,12.0,12.0,-3.0,36.84210526315789,Bertahan di EPL
347,2017/2018,20371808.0,8.0,Everton,49.0,44.0,58.0,13.0,15.0,10.0,-14.0,34.21052631578947,Bertahan di EPL
348,2017/2018,20371809.0,9.0,Leicester,47.0,56.0,60.0,12.0,15.0,11.0,-4.0,31.57894736842105,Bertahan di EPL
349,2017/2018,20371810.0,10.0,Newcastle,44.0,39.0,47.0,12.0,18.0,8.0,-8.0,31.57894736842105,Bertahan di EPL
350,2017/2018,20371811.0,11.0,Crystal Palace,44.0,45.0,55.0,11.0,16.0,11.0,-10.0,28.947368421052634,Bertahan di EPL
351,2017/2018,20371812.0,12.0,Bournemouth,44.0,45.0,61.0,11.0,16.0,11.0,-16.0,28.947368421052634,Bertahan di EPL
352,2017/2018,20371813.0,13.0,West Ham,42.0,48.0,68.0,10.0,16.0,12.0,-20.0,26.31578947368421,Bertahan di EPL
353,2017/2018,20371814.0,14.0,Watford,41.0,44.0,64.0,11.0,19.0,8.0,-20.0,28.947368421052634,Bertahan di EPL
354,2017/2018,20371815.0,15.0,Brighton,40.0,34.0,54.0,9.0,16.0,13.0,-20.0,23.684210526315788,Bertahan di EPL
355,2017/2018,20371816.0,16.0,Huddersfield,37.0,28.0,58.0,9.0,19.0,10.0,-30.0,23.684210526315788,Bertahan di EPL
356,2017/2018,20371817.0,17.0,Southampton,36.0,37.0,56.0,7.0,16.0,15.0,-19.0,18.421052631578945,Bertahan di EPL
357,2017/2018,20371818.0,18.0,Swansea,33.0,28.0,56.0,8.0,21.0,9.0,-28.0,21.052631578947366,Degradasi
358,2017/2018,20371819.0,19.0,Stoke,33.0,35.0,68.0,7.0,19.0,12.0,-33.0,18.421052631578945,Degradasi
359,2017/2018,20371820.0,20.0,West Brom,31.0,31.0,56.0,6.0,19.0,13.0,-25.0,15.789473684210526,Degradasi
360,2018/2019,20381901.0,1.0,Man City,98.0,95.0,23.0,32.0,4.0,2.0,72.0,84.21052631578947,Juara+UCL
361,2018/2019,20381902.0,2.0,Liverpool,97.0,89.0,22.0,30.0,1.0,7.0,67.0,78.94736842105263,UCL
362,2018/2019,20381903.0,3.0,Chelsea,72.0,63.0,39.0,21.0,8.0,9.0,24.0,55.26315789473685,UCL
363,2018/2019,20381904.0,4.0,Tottenham,71.0,67.0,39.0,23.0,13.0,2.0,28.0,60.526315789473685,UCL
364,2018/2019,20381905.0,5.0,Arsenal,70.0,73.0,51.0,21.0,10.0,7.0,22.0,55.26315789473685,UEL
365,2018/2019,20381906.0,6.0,Man United,66.0,65.0,54.0,19.0,10.0,9.0,11.0,50.0,UEL
366,2018/2019,20381907.0,7.0,Wolves,57.0,47.0,46.0,16.0,13.0,9.0,1.0,42.10526315789473,Bertahan di EPL
367,2018/2019,20381908.0,8.0,Everton,54.0,54.0,46.0,15.0,14.0,9.0,8.0,39.473684210526315,Bertahan di EPL
368,2018/2019,20381909.0,9.0,Leicester,52.0,51.0,48.0,15.0,16.0,7.0,3.0,39.473684210526315,Bertahan di EPL
369,2018/2019,20381910.0,10.0,West Ham,52.0,52.0,55.0,15.0,16.0,7.0,-3.0,39.473684210526315,Bertahan di EPL
370,2018/2019,20381911.0,11.0,Watford,50.0,52.0,59.0,14.0,16.0,8.0,-7.0,36.84210526315789,Bertahan di EPL
371,2018/2019,20381912.0,12.0,Crystal Palace,49.0,51.0,53.0,14.0,17.0,7.0,-2.0,36.84210526315789,Bertahan di EPL
372,2018/2019,20381913.0,13.0,Newcastle,45.0,42.0,48.0,12.0,17.0,9.0,-6.0,31.57894736842105,Bertahan di EPL
373,2018/2019,20381914.0,14.0,Bournemouth,45.0,56.0,70.0,13.0,19.0,6.0,-14.0,34.21052631578947,Bertahan di EPL
374,2018/2019,20381915.0,15.0,Burnley,40.0,45.0,68.0,11.0,20.0,7.0,-23.0,28.947368421052634,Bertahan di EPL
375,2018/2019,20381916.0,16.0,Southampton,39.0,45.0,65.0,9.0,17.0,12.0,-20.0,23.684210526315788,Bertahan di EPL
376,2018/2019,20381917.0,17.0,Brighton,36.0,35.0,60.0,9.0,20.0,9.0,-25.0,23.684210526315788,Bertahan di EPL
377,2018/2019,20381918.0,18.0,Cardiff,34.0,34.0,69.0,10.0,24.0,4.0,-35.0,26.31578947368421,Degradasi
378,2018/2019,20381919.0,19.0,Fulham,26.0,34.0,81.0,7.0,26.0,5.0,-47.0,18.421052631578945,Degradasi
379,2018/2019,20381920.0,20.0,Huddersfield,16.0,22.0,76.0,3.0,28.0,7.0,-54.0,7.894736842105263,Degradasi
380,2019/2020,20392001.0,1.0,Liverpool,99.0,85.0,33.0,32.0,3.0,3.0,52.0,84.21052631578947,Juara+UCL
381,2019/2020,20392002.0,2.0,Man City,81.0,102.0,35.0,26.0,9.0,3.0,67.0,68.42105263157895,UCL
382,2019/2020,20392003.0,3.0,Man United,66.0,66.0,36.0,18.0,8.0,12.0,30.0,47.368421052631575,UCL
383,2019/2020,20392004.0,4.0,Chelsea,66.0,69.0,54.0,20.0,12.0,6.0,15.0,52.63157894736842,UCL
384,2019/2020,20392005.0,5.0,Leicester,62.0,67.0,41.0,18.0,12.0,8.0,26.0,47.368421052631575,UEL
385,2019/2020,20392006.0,6.0,Tottenham,59.0,61.0,47.0,16.0,11.0,11.0,14.0,42.10526315789473,UEL
386,2019/2020,20392007.0,7.0,Wolves,59.0,51.0,40.0,15.0,9.0,14.0,11.0,39.473684210526315,Bertahan di EPL
387,2019/2020,20392008.0,8.0,Arsenal,56.0,56.0,48.0,14.0,10.0,14.0,8.0,36.84210526315789,Bertahan di EPL
388,2019/2020,20392009.0,9.0,Sheffield United,54.0,39.0,39.0,14.0,12.0,12.0,0.0,36.84210526315789,Bertahan di EPL
389,2019/2020,20392010.0,10.0,Burnley,54.0,43.0,50.0,15.0,14.0,9.0,-7.0,39.473684210526315,Bertahan di EPL
390,2019/2020,20392011.0,11.0,Southampton,52.0,51.0,60.0,15.0,16.0,7.0,-9.0,39.473684210526315,Bertahan di EPL
391,2019/2020,20392012.0,12.0,Everton,49.0,44.0,56.0,13.0,15.0,10.0,-12.0,34.21052631578947,Bertahan di EPL
392,2019/2020,20392013.0,13.0,Newcastle,44.0,38.0,58.0,11.0,16.0,11.0,-20.0,28.947368421052634,Bertahan di EPL
393,2019/2020,20392014.0,14.0,Crystal Palace,43.0,31.0,50.0,11.0,17.0,10.0,-19.0,28.947368421052634,Bertahan di EPL
394,2019/2020,20392015.0,15.0,Brighton,41.0,39.0,54.0,9.0,15.0,14.0,-15.0,23.684210526315788,Bertahan di EPL
395,2019/2020,20392016.0,16.0,West Ham,39.0,49.0,62.0,10.0,19.0,9.0,-13.0,26.31578947368421,Bertahan di EPL
396,2019/2020,20392017.0,17.0,Aston Villa,35.0,41.0,67.0,9.0,21.0,8.0,-26.0,23.684210526315788,Bertahan di EPL
397,2019/2020,20392018.0,18.0,Bournemouth,34.0,40.0,65.0,9.0,22.0,7.0,-25.0,23.684210526315788,Degradasi
398,2019/2020,20392019.0,19.0,Watford,34.0,36.0,64.0,8.0,20.0,10.0,-28.0,21.052631578947366,Degradasi
399,2019/2020,20392020.0,20.0,Norwich,21.0,26.0,75.0,5.0,27.0,6.0,-49.0,13.157894736842104,Degradasi
400,2020/2021,20402101.0,1.0,Man City,86.0,83.0,32.0,27.0,6.0,5.0,51.0,71.05263157894737,Juara+UCL
401,2020/2021,20402102.0,2.0,Man United,74.0,73.0,44.0,21.0,6.0,11.0,29.0,55.26315789473685,UCL
402,2020/2021,20402103.0,3.0,Liverpool,69.0,68.0,42.0,20.0,9.0,9.0,26.0,52.63157894736842,UCL
403,2020/2021,20402104.0,4.0,Chelsea,67.0,58.0,36.0,19.0,9.0,10.0,22.0,50.0,UCL
404,2020/2021,20402105.0,5.0,Leicester,66.0,68.0,50.0,20.0,12.0,6.0,18.0,52.63157894736842,UEL
405,2020/2021,20402106.0,6.0,West Ham,65.0,62.0,47.0,19.0,11.0,8.0,15.0,50.0,UEL
406,2020/2021,20402107.0,7.0,Tottenham,62.0,68.0,45.0,18.0,12.0,8.0,23.0,47.368421052631575,Bertahan di EPL
407,2020/2021,20402108.0,8.0,Arsenal,61.0,55.0,39.0,18.0,13.0,7.0,16.0,47.368421052631575,Bertahan di EPL
408,2020/2021,20402109.0,9.0,Leeds,59.0,62.0,54.0,18.0,15.0,5.0,8.0,47.368421052631575,Bertahan di EPL
409,2020/2021,20402110.0,10.0,Everton,59.0,47.0,48.0,17.0,13.0,8.0,-1.0,44.73684210526316,Bertahan di EPL
410,2020/2021,20402111.0,11.0,Aston Villa,55.0,55.0,46.0,16.0,15.0,7.0,9.0,42.10526315789473,Bertahan di EPL
411,2020/2021,20402112.0,12.0,Newcastle,45.0,46.0,62.0,12.0,17.0,9.0,-16.0,31.57894736842105,Bertahan di EPL
412,2020/2021,20402113.0,13.0,Wolves,45.0,36.0,52.0,12.0,17.0,9.0,-16.0,31.57894736842105,Bertahan di EPL
413,2020/2021,20402114.0,14.0,Crystal Palace,44.0,41.0,66.0,12.0,18.0,8.0,-25.0,31.57894736842105,Bertahan di EPL
414,2020/2021,20402115.0,15.0,Southampton,43.0,47.0,68.0,12.0,19.0,7.0,-21.0,31.57894736842105,Bertahan di EPL
415,2020/2021,20402116.0,16.0,Brighton,41.0,40.0,46.0,9.0,15.0,14.0,-6.0,23.684210526315788,Bertahan di EPL
416,2020/2021,20402117.0,17.0,Burnley,39.0,33.0,55.0,10.0,19.0,9.0,-22.0,26.31578947368421,Bertahan di EPL
417,2020/2021,20402118.0,18.0,Fulham,28.0,27.0,53.0,5.0,20.0,13.0,-26.0,13.157894736842104,Degradasi
418,2020/2021,20402119.0,19.0,West Brom,26.0,35.0,76.0,5.0,22.0,11.0,-41.0,13.157894736842104,Degradasi
419,2020/2021,20402120.0,20.0,Sheffield United,23.0,20.0,63.0,7.0,29.0,2.0,-43.0,18.421052631578945,Degradasi
420,2021/2022,20412201.0,1.0,Man City,93.0,99.0,26.0,29.0,3.0,6.0,73.0,76.31578947368422,Juara+UCL
421,2021/2022,20412202.0,2.0,Liverpool,92.0,94.0,26.0,28.0,2.0,8.0,68.0,73.68421052631578,UCL
422,2021/2022,20412203.0,3.0,Chelsea,74.0,76.0,33.0,21.0,6.0,11.0,43.0,55.26315789473685,UCL
423,2021/2022,20412204.0,4.0,Tottenham,71.0,69.0,40.0,22.0,11.0,5.0,29.0,57.89473684210527,UCL
424,2021/2022,20412205.0,5.0,Arsenal,69.0,61.0,48.0,22.0,13.0,3.0,13.0,57.89473684210527,UEL
425,2021/2022,20412206.0,6.0,Man United,58.0,57.0,57.0,16.0,12.0,10.0,0.0,42.10526315789473,UEL
426,2021/2022,20412207.0,7.0,West Ham,56.0,60.0,51.0,16.0,14.0,8.0,9.0,42.10526315789473,Bertahan di EPL
427,2021/2022,20412208.0,8.0,Leicester,52.0,62.0,59.0,14.0,14.0,10.0,3.0,36.84210526315789,Bertahan di EPL
428,2021/2022,20412209.0,9.0,Brighton,51.0,42.0,44.0,12.0,11.0,15.0,-2.0,31.57894736842105,Bertahan di EPL
429,2021/2022,20412210.0,10.0,Wolves,51.0,38.0,43.0,15.0,17.0,6.0,-5.0,39.473684210526315,Bertahan di EPL
430,2021/2022,20412211.0,11.0,Newcastle,49.0,44.0,62.0,13.0,15.0,10.0,-18.0,34.21052631578947,Bertahan di EPL
431,2021/2022,20412212.0,12.0,Crystal Palace,48.0,50.0,46.0,11.0,12.0,15.0,4.0,28.947368421052634,Bertahan di EPL
432,2021/2022,20412213.0,13.0,Brentford,46.0,48.0,56.0,13.0,18.0,7.0,-8.0,34.21052631578947,Bertahan di EPL
433,2021/2022,20412214.0,14.0,Aston Villa,45.0,52.0,54.0,13.0,19.0,6.0,-2.0,34.21052631578947,Bertahan di EPL
434,2021/2022,20412215.0,15.0,Southampton,40.0,43.0,67.0,9.0,16.0,13.0,-24.0,23.684210526315788,Bertahan di EPL
435,2021/2022,20412216.0,16.0,Everton,39.0,43.0,66.0,11.0,21.0,6.0,-23.0,28.947368421052634,Bertahan di EPL
436,2021/2022,20412217.0,17.0,Leeds,38.0,42.0,79.0,9.0,18.0,11.0,-37.0,23.684210526315788,Bertahan di EPL
437,2021/2022,20412218.0,18.0,Burnley,35.0,34.0,53.0,7.0,17.0,14.0,-19.0,18.421052631578945,Degradasi
438,2021/2022,20412219.0,19.0,Watford,23.0,34.0,77.0,6.0,27.0,5.0,-43.0,15.789473684210526,Degradasi
439,2021/2022,20412220.0,20.0,Norwich,22.0,23.0,84.0,5.0,26.0,7.0,-61.0,13.157894736842104,Degradasi
